scorer,,,annotation,annotation,annotation,annotation,annotation,annotation,annotation,annotation,annotation,annotation,annotation,annotation,annotation,annotation,annotation,annotation,annotation,annotation,annotation,annotation,annotation,annotation,annotation,annotation,annotation,annotation,annotation,annotation,annotation,annotation,annotation,annotation,annotation,annotation,annotation,annotation
individuals,,,mouse1,mouse1,mouse1,mouse1,mouse1,mouse1,mouse1,mouse1,mouse1,mouse1,mouse1,mouse1,mouse1,mouse1,mouse1,mouse1,mouse1,mouse1,mouse2,mouse2,mouse2,mouse2,mouse2,mouse2,mouse2,mouse2,mouse2,mouse2,mouse2,mouse2,mouse2,mouse2,mouse2,mouse2,mouse2,mouse2
bodyparts,,,topleft,topleft,rightdown,rightdown,nose,nose,leftear,leftear,rightear,rightear,leftHip,leftHip,rightHip,rightHip,tailBase,tailBase,tailEnd,tailEnd,topleft,topleft,rightdown,rightdown,nose,nose,leftear,leftear,rightear,rightear,leftHip,leftHip,rightHip,rightHip,tailBase,tailBase,tailEnd,tailEnd
coords,,,x,y,x,y,x,y,x,y,x,y,x,y,x,y,x,y,x,y,x,y,x,y,x,y,x,y,x,y,x,y,x,y,x,y,x,y
labeled-data,0004,A_male_in_a_new_cage_face_view_3_2022-08-10_15-39-01_117.png,163.2393902893849,163.3889237622965,354.8173576136037,355.6702866043709,,,200.9009770035837,175.17466484371218,,,222.88160784503265,252.27520104519502,178.8101328240078,245.7110675449774,216.6240483654277,279.0647522413741,332.1636811464398,347.33699059561127,,,,,,,,,,,,,,,,,,
labeled-data,0004,A_male_in_a_new_cage_face_view_3_2022-08-10_15-39-01_137.png,176.85870383766368,181.09819724314679,313.6985126279951,283.183201408235,,,,,287.58901516404956,206.5880956425376,,,250.35521263074276,228.59658064344043,210.00696967892026,225.85573135318336,247.87908927193484,272.83121418888203,,,,,,,,,,,,,,,,,,
labeled-data,0004,A_male_in_a_new_cage_face_view_3_2022-08-10_15-39-01_266.png,280.21562919838783,64.30967308553511,522.9384236453202,340.17174205105243,410.53980415094276,72.38301179494408,,,,,500.761610388006,232.3789526639952,448.47302462813525,241.23443617086772,440.538065382893,270.3105687416032,299.0244066278549,296.2845947156292,,,,,,,,,,,,,,,,,,
labeled-data,0004,A_male_in_a_new_cage_face_view_3_2022-08-10_15-39-01_794.png,278.6849280574181,172.45668415383744,420.45475194195865,242.2686287942155,410.17793271826145,211.4369221173847,,,391.41287048967297,188.82866922869465,,,353.5992217296547,207.71613401974324,331.58049954995647,213.29419365185697,291.11396259947475,224.37162555450277,,,,,,,,,,,,,,,,,,
labeled-data,0004,A_male_in_a_new_cage_side_view_4_2022-08-10_15-39-03_1072.png,107.01336951744629,184.79036635372626,236.16530774021862,288.32761954275463,,,,,,,,,,,165.5716524854456,254.18875951634573,217.51970443349757,271.2062248096731,,,,,,,,,,,147.65853112404835,227.31907747424987,,,,,,
labeled-data,0004,A_male_in_a_new_cage_side_view_4_2022-08-10_15-39-03_233.png,432.29389377105457,200.7130517638802,559.5985441388488,327.048377382681,,,,,,,,,518.4601433049709,242.5452306314375,506.49350617039823,262.00022456023356,449.44939090863863,317.6782381424119,,,,,,,,,,,486.99327708664924,245.52687355934106,,,,,,
labeled-data,0004,A_male_in_a_new_cage_side_view_4_2022-08-10_15-39-03_279.png,393.8729068518358,191.73518822203133,530.6132974620784,297.7275293086479,507.86647668570095,215.19899734607793,472.27554590197246,204.81496670168934,459.54730919794935,209.89556538606828,,,421.7636989820152,243.98905655755877,,,,,,,,,,,,,,,,,,,,,,
labeled-data,0004,A_male_in_a_new_cage_side_view_4_2022-08-10_15-39-03_324.png,338.40152656614976,211.34086201180875,572.0574578609463,342.46202245798423,356.29104041459493,264.1355069185788,407.0634233821098,233.51460764549552,,,491.47040214787427,283.37740732476277,,,523.0314436655491,282.7179620034542,533.5307099110213,276.9421234991076,,,,,,,,,,,,,,,,,,
labeled-data,0004,A_male_in_a_new_cage_side_view_4_2022-08-10_15-39-03_367.png,134.1825584100777,196.96743569640677,388.590013434841,271.2062248096731,146.84043115090992,254.61203442783005,158.9148125571472,224.81300325660115,,,226.3607641981579,232.84044411817723,,,254.49542822310272,233.56221680381998,354.9147637806582,251.32457034723726,,,,,,,,,,,,,,,,,,
labeled-data,0004,A_male_in_a_new_cage_side_view_4_2022-08-10_15-39-03_411.png,66.15382892969103,209.40595611285266,221.4090382682358,330.37829273099965,76.98857055775679,302.7443767144164,125.23402417962004,249.06644464532937,,,195.95869256143672,259.2260070978218,,,,,,,,,,,,,,,,,,,,,,,,
labeled-data,0004,A_male_in_a_new_cage_side_view_4_2022-08-10_15-39-03_467.png,49.97667794626426,47.26934509812804,187.3132823829505,300.764479455563,,,98.83556842426088,56.055359138474046,,,86.89708156733099,165.99605937559244,,,104.50671058270063,202.07523967169638,165.28685360154427,285.44883673676725,,,,,,,,,,,,,,,,,,
labeled-data,0004,A_male_in_a_new_cage_side_view_4_2022-08-10_15-39-03_553.png,229.54312436168743,206.40238577047012,419.9353142455319,295.28787921412675,390.56126290305514,256.06462810274013,383.14585019181305,227.3482120200327,346.27102421987024,222.57954738832865,,,311.14740992441875,238.113674692675,303.651173422737,229.92105049273596,239.02047140099566,230.83134207050696,,,,,,,,,,,,,,,,,,
labeled-data,0004,A_male_in_a_new_cage_side_view_4_2022-08-10_15-39-03_555.png,234.01047590181713,208.5565013618475,472.77041304352167,306.6908823056836,450.9839836142736,248.6999420762919,,,398.2531167760186,225.6714657548448,,,341.3387098723356,240.370556406547,319.12613024484403,240.84454942598802,243.57192928985066,243.57542415930104,,,,,,,,,,,,,,,,,,
labeled-data,0004,A_male_in_a_new_cage_side_view_4_2022-08-10_15-39-03_858.png,376.562296332143,229.57781276018164,581.8374478716867,331.8598854004624,398.3214975109215,317.3090419587524,428.36111957736455,254.4989230925531,413.7964543330286,245.39600731484305,489.3506552880219,284.53854515899627,,,545.7887331098242,292.7311693589353,598.7127654685706,275.2908230457658,,,,,,,,,,,,,,,,,,
labeled-data,0004,A_male_in_a_new_cage_side_view_4_2022-08-10_15-39-03_996.png,115.55790812900466,111.48989513488326,307.1945251713695,286.19118322931814,131.14144019750736,114.79760361757647,150.2575633306985,118.75172715318311,,,159.07610197968282,219.65204610432625,,,180.76181042365133,232.65192522604897,289.99679975617187,270.88417149243116,,,,,,,,,,,,,,,,,,
labeled-data,0004,A_male_in_a_new_cage_top_view_1_2022-08-10_15-39-00_1020.png,128.54935738059714,65.82093679215625,343.96829063546954,200.680473538983,132.3771036513387,77.05997663581519,154.3633546682922,95.19789698262724,167.80713324256655,71.88016420332124,201.12091971118699,150.99389732785735,213.72917938276495,129.84316521360023,229.9175556232856,149.81539164888756,332.78050391140914,187.13734633749874,,,,,,,,,,,,,,,,,,
labeled-data,0004,A_male_in_a_new_cage_top_view_1_2022-08-10_15-39-00_152.png,267.66075846146384,211.41423650606694,496.13090937699104,334.51245005947203,,,283.18089446180363,244.95214306487182,302.740881844966,218.9975515594839,343.44825261422056,287.46503726359083,359.59275748715993,258.3131436970901,380.1156659555014,294.2658828318815,482.0683226658539,275.43562938128616,,,,,,,,,,,,,,,,,,
labeled-data,0004,A_male_in_a_new_cage_top_view_1_2022-08-10_15-39-00_252.png,352.4802665083574,206.1549615953658,556.3986505016278,342.7677051454944,,,527.5829015544041,229.01075891496495,546.6990246875952,247.21659047038506,480.64689342280707,279.9466596377718,499.96483949182186,302.8788202629577,467.5216252581264,309.2957808988763,356.8247790501897,313.8562227060356,,,,,,,,,,,,,,,,,,
labeled-data,0004,A_male_in_a_new_cage_top_view_1_2022-08-10_15-39-00_432.png,182.8120859045582,143.60222797587463,283.59897701476996,347.4087874770195,259.30317967257247,335.5237162579187,252.6748450675607,305.47525144772936,229.9175556232856,315.4884588032104,225.59586306380695,253.80071135666623,198.69366293096436,267.84394673602657,206.5151109056004,233.04078693884424,248.00850451401746,148.88741458362426,,,,,,,,,,,,,,,,,,
labeled-data,0004,A_male_in_a_new_cage_top_view_1_2022-08-10_15-39-00_443.png,154.7215844207319,166.42863102923477,287.2667102283437,325.7444907536558,,,165.63008743329456,307.2100261453338,168.10353679279487,285.44883673676725,234.05857676130566,312.84339252783496,223.39250320186633,276.1052963150156,256.81406139649897,275.6930547550989,254.25480357906113,183.25555538237313,,,,,,,,,,,,,,,,,,
labeled-data,0004,A_male_in_a_new_cage_top_view_1_2022-08-10_15-39-00_587.png,323.28193070825114,157.5192625585675,470.4613242767652,335.4105525839624,381.93624911104337,324.59137458092044,418.3346128126248,298.6397524836601,389.6587656866808,282.70466259419544,451.6018160552001,253.94901901269898,417.02403550916057,244.41256898614893,430.1817027329066,222.63871787056792,346.43487757797425,164.3800568932236,,,,,,,,,,,,,,,,,,
labeled-data,0004,A_male_in_a_new_cage_top_view_1_2022-08-10_15-39-00_690.png,26.225607761603868,191.68563010153105,183.76873363247813,313.04063200998667,74.51844605057119,308.047808674426,70.61652951335975,269.06358833688915,36.02544955806158,273.6150462257442,116.98084676522572,242.02025965723632,77.787092561317,210.68155488750597,125.23402417962004,223.80975967446633,173.47947780148328,247.21659047038506,,,,,,,,,,,,,,,,,,
labeled-data,0004,A_male_in_a_new_cage_top_view_1_2022-08-10_15-39-00_821.png,329.32166093164193,185.93803283349447,546.8752312246855,299.70286715533445,535.7755257543431,290.9105862033933,532.401727646008,254.46028488915155,519.0456327449131,281.4939363788525,468.4417603409482,222.54598618240422,455.720861174195,256.8387873722323,432.00228588844857,225.36959260388093,337.3396894409444,192.59909580412477,,,,,,,,,,,,,,,,,,
labeled-data,0004,A_male_in_a_new_cage_top_view_1_2022-08-10_15-39-00_956.png,414.3098860848748,253.27284354889832,558.7620168804674,351.130281446672,,,535.5170391546114,288.7078616269644,530.5610859300277,313.2857342267816,470.3463017290416,281.13351153280166,477.7187583001017,314.34203454055,438.39668084768783,308.20612618104235,490.362247772106,343.17934755722735,,,,,,,,,,,,,,,,,,
labeled-data,0004,A_male_meet_with_a_female_face_view_3_2022-08-10_15-43-17_1246.png,263.0712659254207,178.48957721864892,377.8421406180027,244.33654276757724,,,,,,,273.49986322493544,204.32041052975464,302.53949570512265,201.5929312360354,294.49370423476023,225.7248928940456,368.8430155912919,234.37096264636804,340.43869288362544,86.70468468634692,394.5187103248323,236.9542632959533,359.9290192566055,91.17935512763097,,,,,368.3320953884732,144.3619337034492,351.0000212268525,144.86357157257478,361.3108308807737,159.22934749549114,372.0525160909242,227.26002049311072
labeled-data,0004,A_male_meet_with_a_female_face_view_3_2022-08-10_15-43-17_315.png,277.7165160368494,180.22391549110134,381.991605287035,295.2608322865649,,,349.0512913264284,186.95543882148755,372.1805501026254,187.21163561065694,316.931035278958,203.72968301391404,330.9840982977046,218.67164835761494,305.0071532145595,229.96222355559078,286.1939170685085,284.017155580864,334.9211226024003,174.8651048572061,412.87488741627294,236.8283538118228,,,,,,,,,398.6483057076033,207.55717292519338,,,,
labeled-data,0004,A_male_meet_with_a_female_face_view_3_2022-08-10_15-43-17_342.png,200.67916675080107,184.5419697153578,393.9639498432602,270.3105687416032,212.62201564563648,221.7284262927969,242.66163771207962,202.61230315960583,229.9175556232856,196.2402621152088,276.3424260896069,216.26667682617088,,,328.22904602255414,217.17696840394188,382.84654068881434,257.2297978258661,174.5282131661442,220.15382892969097,373.5081690357603,312.8230017261677,354.6797264127236,293.2509893527653,315.53718856857034,234.62918228602214,298.7638949390252,251.69092458416145,,,212.36817153440623,254.24265262704898,,,,
labeled-data,0004,A_male_meet_with_a_female_face_view_3_2022-08-10_15-43-17_402.png,179.1685520011793,190.2569358403892,333.97908602172856,277.0128662274121,,,,,320.83252264930655,220.8218994986342,,,250.4715504928275,219.92875632337396,219.97461079205644,224.10329683807805,226.11165733283505,268.29003193168404,228.3945002633093,169.14121350705997,410.84479958074695,249.0659803508949,,,,,,,,,,,324.989213749995,206.2734806462248,400.23354231974923,241.64957456336765
labeled-data,0004,A_male_meet_with_a_female_face_view_3_2022-08-10_15-43-17_56.png,208.31696869154592,136.55297867813118,371.9031327687786,274.14705305626876,221.22579950963762,149.69550700820676,256.3160113786447,152.54626638220054,,,288.14186452088916,234.7422332520237,,,308.202631311592,238.113674692675,,,,,,,,,,,,,,,,,,,,
labeled-data,0004,A_male_meet_with_a_female_face_view_3_2022-08-10_15-43-17_764.png,254.0401040065402,10.756553053115567,404.3924000728132,326.57592627168896,336.42167022249316,22.37457076094688,,,283.7711138087863,70.59075336340783,346.63977471379025,247.14630289817944,300.84712114091826,240.92061695079386,,,267.67644424540975,243.4408866995074,,,,,,,,,,,,,,,,,,
labeled-data,0004,A_male_meet_with_a_female_face_view_3_2022-08-10_15-43-17_807.png,199.08103747743377,186.14598531641911,381.741080713314,307.46653388451847,293.92206084686524,219.62374835764558,,,274.266751773927,207.80445965635832,211.50013833693504,240.80960439141052,257.64091402364687,253.9973011669073,240.87005817600914,273.91364281508925,371.9230417555623,297.2826272477903,,,315.48496393376,157.0977242710556,372.83333333333337,101.5699380270243,,,,,340.0628365335772,136.16101798232245,325.4981712892411,127.0581022046124,,,,
labeled-data,0004,A_male_meet_with_a_female_face_view_3_2022-08-10_15-43-17_826.png,288.8287274514603,160.6768149077189,372.816746782132,269.21522326196913,359.6417897352063,184.6767462643121,335.00589437024394,171.60463851963817,348.80992522277546,182.81158537405562,301.43977853533806,199.8773877212991,320.358755638179,211.52838784394552,299.35971410991505,219.87088249997268,301.82285163376395,261.8524592953678,348.55998585821743,185.42185632078164,406.45425038160494,268.42589853322437,391.6461518328033,258.34429472478644,397.6011795322402,216.3514688764066,372.4625107924827,217.6084023133945,388.72439267522026,201.53359299298353,359.9071150956378,208.5301136482263,,,,
labeled-data,0004,A_male_meet_with_a_female_side_view_4_2022-08-10_15-43-20_1013.png,414.3204180169527,203.3202010887589,536.7316496518978,312.5196478115622,421.9222638439179,233.6636235910517,438.37432693284563,213.43439530562614,449.91134880068125,209.52165114956009,466.15077708932336,246.271706794432,493.5911274898026,235.13633618330408,500.37556100850566,268.8607747624257,487.76747780512545,302.0023066129267,163.60610188617187,220.77930744528996,,,133.71324734324008,220.0128239954712,156.32450911289362,205.83288017382407,,,186.21736365582538,241.09111886548718,,,237.57175479368252,264.0856223600501,379.7544347350631,293.2119934531631
labeled-data,0004,A_male_meet_with_a_female_side_view_4_2022-08-10_15-43-20_11.png,232.05195401674166,230.05127120389835,436.6064327703601,340.9565363528257,,,419.68869418432024,267.5394532323789,375.78485725579424,268.7314116388373,390.7129194206705,245.56537296570946,335.4911726732337,273.943718047537,,,245.04234324594498,273.60073303777705,,,,,,,,,,,,,,,,,,
labeled-data,0004,A_male_meet_with_a_female_side_view_4_2022-08-10_15-43-20_116.png,116.50061321489122,165.77756277709167,220.1180863831465,274.96586783611343,122.29927464592475,182.38201364826145,155.61198301496538,171.6662628446365,,,200.7396825419824,236.91422072763413,,,,,130.51596988427116,174.73954374873253,,,,,,,,,,,,,,,,,,
labeled-data,0004,A_male_meet_with_a_female_side_view_4_2022-08-10_15-43-20_259.png,272.95732972624444,228.31516668858865,540.571797459326,306.105742149248,282.04333170985626,287.05862399625346,301.27164604275316,237.9295058909396,,,394.3349287676182,258.57731819267497,,,422.59370262045763,266.7247365469137,526.9347939269512,280.543514672794,446.07593379460707,220.98639533880578,603.8878089664754,285.24774063039763,453.3523827443498,256.0160442785936,466.38260139126885,233.02154078403072,,,521.5224518760543,251.51322467189357,,,554.7262300426223,254.3096070517838,,
labeled-data,0004,A_male_meet_with_a_female_side_view_4_2022-08-10_15-43-20_323.png,220.95889872541818,221.71718262486056,426.8373990543653,339.8969489142618,405.5478603592246,310.39957694210807,387.1810558819448,256.5181501179485,353.7395553060089,257.08521650943845,,,265.5653412052664,258.1684770011859,,,,,383.6362151711886,218.63297154131968,565.3129952921107,308.8530944280753,393.49941732359304,259.49490511656467,407.2984753213491,233.8430517493135,420.3072030778732,228.4701642998134,475.2926244568236,251.02756222846082,,,500.73056034071385,255.8803722058752,527.2371350191033,301.36324466538434
labeled-data,0004,A_male_meet_with_a_female_side_view_4_2022-08-10_15-43-20_425.png,212.03960253723025,225.69368088147215,517.49842661808,324.9075203398919,,,463.76295831447976,230.99182824205718,494.8377254395481,242.09572922956178,376.98433693048315,241.2189783418327,371.05213008001004,285.95737258487935,327.45319886022395,263.3653961124429,216.27685735224873,240.7890922028318,464.35753646984097,222.90898411624352,539.8948607459075,299.45707490275623,,,,,,,,,518.7177140599397,252.07785989629647,,,,
labeled-data,0004,A_male_meet_with_a_female_side_view_4_2022-08-10_15-43-20_694.png,155.8188260626067,198.00429046531394,288.4329032247447,312.55137747257265,270.8806766229808,245.39600731484305,238.11017982322463,213.53580209285786,247.49609386098567,219.46444021238946,,,199.24547528408635,243.59890988734114,167.4517318147554,243.63672095691922,211.7117240678655,303.65466829218735,428.8028917446135,87.39406149147189,556.5089949449383,294.96721546252263,540.3269836431982,103.39052118256632,506.64619526567105,120.68606116021539,521.2108605100071,124.32722747129941,508.97936554244257,212.30739075226072,529.9072290874296,221.94942188243877,507.55648684344203,227.19017575942294,436.5537437773037,290.00029462562225
labeled-data,0004,A_male_meet_with_a_female_side_view_4_2022-08-10_15-43-20_700.png,198.53673788029425,203.80503198351792,390.12865545805545,284.21065785911986,376.7417868726467,235.70051462965486,341.2984177905969,210.37878279616905,351.25362269505865,217.5526855252542,280.7148992370754,222.99928497396843,291.0029688297417,242.34741791123713,264.5086355785837,240.84454942598802,219.90434826780452,271.79446307020214,426.6680077895137,99.67224556600016,556.0856117212402,298.27399068560237,528.4931931321752,111.58314538250534,497.82298818933674,130.62909368069256,516.5190529511443,124.32722747129941,509.7269535353638,214.5212216988315,528.4220276585314,225.79658544574275,507.55648684344203,226.27988418165194,434.7331606217616,288.1797114700803
labeled-data,0004,A_male_meet_with_a_female_side_view_4_2022-08-10_15-43-20_795.png,157.62126611836658,204.20277331296592,470.40397837174095,303.5919509698633,167.14592232876336,223.2285631603233,193.54437808412249,208.6638979159872,,,264.41830229275007,261.1270009962103,,,304.01010528242966,270.37129734602996,452.9389921771817,286.3591283145382,78.84002813626638,146.25380249943615,182.55777627855554,273.5584528672303,,,,,,,,,151.5393843107681,181.149493463197,117.61301809600067,156.9163747383631,,
labeled-data,0004,A_male_meet_with_a_female_side_view_4_2022-08-10_15-43-20_796.png,153.11267714297148,191.5399195933437,449.4089948248637,303.8855172788495,,,179.90499248643013,198.64967516101075,,,241.96772007335724,260.49726849731405,,,283.24982338371404,270.08082719575975,436.5537437773037,284.53854515899627,83.52345770349231,110.53968948093905,185.99676647682023,273.0711236881006,,,,,,,133.42664837955908,221.7284262927969,,,145.06208198163134,167.2012673372659,167.10743675708628,127.96839378238343
labeled-data,0004,A_male_meet_with_a_female_side_view_4_2022-08-10_15-43-20_877.png,315.08192288226115,97.07079953537476,581.7862135105727,318.4544074122265,,,,,516.659402621152,117.04489484913137,,,469.29566048126287,248.18404223975008,449.2978258660977,251.76804835924008,325.4981712892411,273.6150462257442,523.4029073525422,2.1007531185349535,636.8464733994543,311.4200891815532,612.2400182871075,16.91282129432085,,,565.8151478207864,5.07903078329781,598.5856446205424,82.45381489383317,557.6225236208472,80.63323173829116,575.8283551762673,151.63597480442957,524.8520268210912,299.10321040333235
labeled-data,0004,A_male_meet_with_a_female_top_view_1_2022-08-10_15-45-58_1089.png,337.18751284034886,235.93723382787047,562.0461613042737,333.17633687552353,,,547.6093162653663,289.09000304785127,545.8376779399044,311.3056912137193,487.2396112995243,274.2055923342315,480.6717909348066,311.52754702284267,447.47724271055574,284.53854515899627,343.7040028446612,243.57542415930104,319.33631794039593,112.38571720323995,562.9118543915496,186.4855896304667,550.3401909986792,136.16101798232245,517.1980386755923,118.17602683653035,519.8319581737211,143.00166978523453,468.2792993029934,130.78005833347373,477.10751479255725,166.72311068579884,444.7463679772427,157.0977242710556,333.6907954891801,158.91830742659758
labeled-data,0004,A_male_meet_with_a_female_top_view_1_2022-08-10_15-45-58_1094.png,336.0505937194262,237.96194378862577,557.1745333707124,331.29703525886697,534.8422848607752,252.052354455333,528.4931931321752,273.6150462257442,547.6093162653663,288.1797114700803,475.26280497268374,280.4205639189143,479.5388710719754,313.9980803753552,447.45429339475874,287.59962461999606,342.429082565508,246.94375903219068,374.44296120999155,117.30620735675896,544.4341692789968,260.45835199283465,526.6726099766331,255.4092146703241,535.7755257543431,220.8181347150259,508.06794215147374,224.74240516707948,513.41395948933,179.02840814365962,486.561914490324,186.47811277802745,475.6962816214568,154.36684953774255,381.93624911104337,128.8786853601544
labeled-data,0004,A_male_meet_with_a_female_top_view_1_2022-08-10_15-45-58_1096.png,334.4891745961503,231.29623376374784,554.7888729320146,334.2425012594885,531.7631711324166,244.6252991164348,520.7602840188509,279.0767956923702,546.6990246875952,284.53854515899627,477.6508229718771,286.03664191021716,484.60132493996514,314.995254167876,447.47724271055574,293.64146093670627,341.88341968911914,241.75484100375903,374.645704197176,109.77115308176766,,,517.5617329519987,256.3314481184815,532.937726342367,217.94797153762397,504.9325367887922,220.85049848045168,514.0256191841164,178.02459717740277,481.1158339402713,191.6044099307305,477.1637269755835,160.07481212712068,386.48770699989836,127.0581022046124
labeled-data,0004,A_male_meet_with_a_female_top_view_1_2022-08-10_15-45-58_1187.png,185.24990223519026,113.15067553738318,407.32545638446686,178.1495351453413,193.17717039674196,167.16783770354107,206.24997460123947,151.63597480442957,199.56818013347376,130.99005324673027,256.83442041769626,148.90510007111652,246.85915044688483,117.70233908053821,288.79572344736715,140.4027224478089,393.7700396220664,162.888195853385,70.56721901013971,11.198877162732188,189.75790982034934,116.93404774301376,172.31081595283922,110.42729237671091,,,,,113.18001695575761,54.52042609941381,142.8552536760853,29.195106681233796,107.02819262419993,22.37457076094688,81.54002844661181,43.31127704967997
labeled-data,0004,A_male_meet_with_a_female_top_view_1_2022-08-10_15-45-58_282.png,286.57637714578794,114.15598254158581,424.1328623685203,239.67602937441717,356.4480849334552,226.27988418165194,356.4480849334552,189.86822107081176,332.78050391140914,197.1505536929798,338.04849430915516,147.98607163051804,304.118097369282,155.9203504052837,325.4981712892411,129.78897693792544,417.4376206441125,133.43014324900946,373.24839838441363,160.12804022433028,552.9697421937103,310.97688391106084,545.7887331098242,276.3459209590572,529.1751688365235,261.58852257812043,528.8430766685548,284.71348692718607,478.4063930704398,244.87118201027354,463.9988782258825,281.525980447028,449.2978258660977,242.66513258153003,379.2053743777303,168.93151478207864
labeled-data,0004,A_male_meet_with_a_female_top_view_1_2022-08-10_15-45-58_339.png,285.7826665900985,123.50899471490412,475.0070254639856,230.32420907380663,460.22132479934976,142.5330590267195,438.37432693284563,149.81539164888756,458.4007416438078,173.48297267093366,377.35365637053775,174.5785033361027,376.165394017205,212.70278692188995,346.43487757797425,189.86822107081176,296.36884080056893,131.60956009346745,358.6893802501839,52.652852532762225,589.4983618265493,176.02249728524683,574.7803583864,61.973310280740776,533.0467627945404,67.16176109668443,546.2449347854648,88.82796771174058,488.12820256723774,117.76805985492325,492.2297941009831,149.76385851549443,474.4222957672795,134.43083045250444,367.3715838667073,147.0845169155745
labeled-data,0004,A_male_meet_with_a_female_top_view_1_2022-08-10_15-45-58_405.png,192.3472386935189,193.6071523622756,466.9847805528142,313.8832878036047,209.8911409123235,222.63871787056792,234.74082955083958,233.56221680381998,242.52572969273015,200.67634426355204,300.69444362220906,276.7458270845912,311.6179425554611,246.5702969987985,339.51920445617924,271.15598753113017,462.3880351764271,256.9579817871671,159.5520526107219,220.13579999847263,363.03265192702173,323.58534574689907,170.56221174268077,308.5931561358476,194.38442667780453,305.97175267141284,184.59537814039174,277.40749749825306,249.6698451215891,300.1555985792172,231.83671169553253,262.1874692514448,,,353.22828574060327,219.07899178722096
labeled-data,0004,A_male_meet_with_a_female_top_view_1_2022-08-10_15-45-58_434.png,278.4336257305692,172.03275157025263,387.1374245901556,347.89585645089295,376.4744996444174,178.9447221375597,343.7040028446612,185.31676318195673,358.2686680889973,201.70201158183482,290.863868253852,240.03400341765763,324.5346820744351,252.74816183561953,301.8305902671949,268.1532967591182,363.73041755562326,342.79720613634055,202.21764524059216,200.64786659681107,382.3890814614057,302.12768430256114,284.5350502895459,290.00029462562225,254.8887466014106,261.67995480840807,239.93076297876664,284.53854515899627,254.7427378654132,227.4821932314177,217.29712835564675,226.27917589212856,272.0494548004833,211.4455553801632,371.86620162345673,248.92229096123882
labeled-data,0004,A_male_meet_with_a_female_top_view_1_2022-08-10_15-45-58_538.png,207.5428960294921,107.09580120606725,381.78069091061514,231.91808888333588,235.36466958021046,226.22134214284736,239.02047140099566,188.95792949304075,215.35289037894952,193.50938738189578,265.1045557695178,146.19007072257446,240.51762866411732,131.02722166090848,276.64547934446455,119.77463776924645,372.53141189167354,133.1248263677559,214.18936308255613,202.31566868221591,370.5737559201509,308.03668797242466,356.4480849334552,235.382799959362,303.53869555900286,223.0320362488758,313.15858453617597,255.0494271642794,267.32892597126545,254.9488345474897,283.478041686254,289.94440983851695,250.8542619120187,270.88417149243116,221.72493142334653,209.89463578177387
labeled-data,0004,A_male_meet_with_a_female_top_view_1_2022-08-10_15-45-58_574.png,225.66730089991879,233.53124390120854,460.1290921331166,322.5170441404873,445.15003043730957,242.26147012146325,415.61703748857053,259.0503809814081,437.46403535507466,279.9870872701412,358.4076316241477,276.03702098614497,370.7284627163277,310.12147182373883,328.22904602255414,295.46204409224833,233.55872193436963,241.75484100375903,250.6336020860591,169.7075615361519,487.5609011035174,276.80706630647313,259.9571776897287,182.58588844864371,278.1630092451488,197.1505536929798,288.1762166006299,178.9447221375597,345.8912268659469,229.2104378842282,352.59550343702153,195.7024795112247,380.04267543560934,216.18026182390906,478.2583063565441,267.50447155949985
labeled-data,0004,A_male_meet_with_a_female_top_view_1_2022-08-10_15-45-58_661.png,167.2220615376028,225.1695273966493,392.9600614802259,324.39933861280133,383.75683226658543,239.93425784821702,344.6142944224322,231.74163364827797,354.62750177791327,258.14008940363715,282.5446116707615,260.69710941561635,305.9403049969038,289.76602041630986,267.8060917050918,294.3288813058585,176.21035253479633,303.65466829218735,158.62862820260736,201.18056921269635,362.6010865996736,318.22181763498526,209.8911409123235,310.0267093365844,209.8911409123235,284.53854515899627,183.4926851569643,287.26941989230926,238.30167526570878,246.1149093310485,210.70526124517784,232.41282062524036,258.13659453418677,222.63871787056792,354.62750177791327,217.17696840394188
labeled-data,0004,A_male_meet_with_a_female_top_view_1_2022-08-10_15-45-58_685.png,137.35353539440396,143.710889293073,358.7512896865786,297.4632936104051,148.90160520166617,155.2771411155136,153.45306309052117,192.59909580412477,179.85151884588035,172.57268109316266,219.97282659137775,261.3942341046471,226.66482750132226,232.92229707272497,249.01691332034508,246.5759624497667,346.43487757797425,198.0608452707508,383.13501671319216,146.75663194090907,536.8859928919305,296.58172060535514,509.377069998984,164.3800568932236,499.363862643503,178.0344305597887,523.0314436655491,184.40647160418573,466.97218241231894,206.24215133871058,488.99447498340834,235.82379808327343,449.2978258660977,233.56221680381998,400.7535617979711,282.4122214377004
labeled-data,0004,A_male_meet_with_a_female_top_view_1_2022-08-10_15-45-58_716.png,198.37518539827767,171.1027555173378,334.22863365922035,326.77955131896016,321.8570049781571,282.7179620034542,285.44534186731687,269.06358833688915,285.44534186731687,295.46204409224833,234.687672471375,258.9323146389634,218.11658769500235,288.51643677175934,209.8911409123235,252.6783399370111,279.0733008229198,194.41967895966678,327.9241502482425,124.5843279521587,435.0521285134763,345.22386264280567,398.3214975109215,324.59137458092044,412.13188976406764,295.21922640909,383.75683226658543,302.7443767144164,391.0215852821798,242.56075387837907,357.47099554951865,247.53686797868846,371.0127501777913,213.53580209285786,368.28187544447826,133.43014324900946
labeled-data,0004,A_male_meet_with_a_female_top_view_1_2022-08-10_15-45-58_725.png,191.06243257759138,215.87095123017647,362.81329852722143,330.61152602667033,326.4084628670121,225.36959260388093,312.75408920044697,251.76804835924008,338.2422533780351,258.14008940363715,272.2579980282155,287.37277266318097,300.314545116104,312.5801669134745,256.3160113786447,313.6678756476684,205.33968302346844,284.53854515899627,153.1961197582291,173.21090727267372,395.97525054980787,292.18111185420344,168.9280199126283,269.9738799146602,194.41618409021638,273.6150462257442,194.41618409021638,250.85775678146908,270.20057902191115,251.88546421605736,250.46713247269818,230.53837390875793,289.0865081784009,225.36959260388093,383.75683226658543,186.22705475972774
labeled-data,0004,A_male_meet_with_the_other_cage_male_face_view_3_2022-08-10_15-46-01_161.png,175.5073287802688,208.52947955586745,381.7912398378835,339.98175440024977,188.95443462359034,273.6150462257442,214.33224338928204,222.0594925284864,,,305.5681067081258,259.3779458965852,,,342.7937112668902,269.9738799146602,,,,,,,,,,,,,,,,,,,,
labeled-data,0004,A_male_meet_with_the_other_cage_male_face_view_3_2022-08-10_15-46-01_296.png,155.90971581342674,195.86582331320955,381.31653259531777,306.21797839975414,360.5989377687688,220.4327585260695,,,328.6024597517123,207.46174884325393,,,268.39102327780284,226.8986678983582,222.99262471454296,231.97340722446606,169.42367179698624,290.07099996238406,306.2478826304549,179.48675399675142,488.9524421883568,249.65589643565576,,,,,,,376.7866991754598,220.98838525149867,,,401.6884110866728,216.69718934627096,478.37300866414864,175.57897752305428
labeled-data,0004,A_male_meet_with_the_other_cage_male_face_view_3_2022-08-10_15-46-01_310.png,279.00184557698554,190.79739815188384,399.88025212489333,262.79869969283675,,,321.33842708085734,207.95537999182073,290.37256963232534,215.1210329551174,344.8914304045,219.8147735608479,,,,,,,390.5384976794477,205.2658921182555,515.9067268820115,317.8991996185273,488.84836419371106,264.71484749138756,478.857180136435,227.65623373752362,440.65006464387506,234.38215718477733,454.7059779958498,212.64722087406176,405.5114564567801,242.49005453530125,,,,
labeled-data,0004,A_male_meet_with_the_other_cage_male_face_view_3_2022-08-10_15-46-01_425.png,256.60203600312775,139.9266299045242,388.8446717588973,247.46151205836645,267.23951031189677,153.45655795997158,289.996799756172,147.99480849334554,,,304.38755255867216,202.56125731496076,,,313.8197037798558,211.91786831378735,381.93417233994126,234.07160323381513,375.5649594651788,41.16647647846588,515.6221702561221,314.60023897082647,489.2014037799429,50.78817129368494,,,,,487.4037125404057,242.4579322717659,437.44990172004407,244.1451303717348,,,386.5633109799469,254.90272711384125
labeled-data,0004,A_male_meet_with_the_other_cage_male_face_view_3_2022-08-10_15-46-01_440.png,216.89984017258234,168.3180502782105,470.98410384176395,330.71243061102945,460.5861718106986,180.01087346151718,432.7841630314856,180.432116018778,443.7364695202665,177.9046606752132,,,396.54031643341,247.1796240346835,350.6418643656292,252.4645933103752,228.4815227599965,318.17843224306023,253.88872222074036,178.16562220253712,348.7889576463244,244.05296514100968,275.47439251953,205.07238468429767,291.7034594976279,187.2971938197852,266.6871390472737,188.10417189882887,,,,,311.81057721164814,208.50399180402965,,
labeled-data,0004,A_male_meet_with_the_other_cage_male_face_view_3_2022-08-10_15-46-01_452.png,269.0445425111408,158.01917661945916,478.44272180715694,306.9321575466793,436.04228846927197,170.864716975913,,,,,453.9329697610526,276.1527290051424,402.47411913003714,265.5702002772448,391.94945646652445,275.43562938128616,273.92358852945586,269.9738799146602,271.8453261533778,185.97771117959664,409.81002769458945,274.69884447886466,,,,,369.1723211166026,219.155288219009,,,330.1774585794887,231.2910523324724,315.66143718351384,221.94850982636225,,
labeled-data,0004,A_male_meet_with_the_other_cage_male_face_view_3_2022-08-10_15-46-01_474.png,326.5267959019445,176.5814558794236,487.61074252258993,315.4221849266168,468.4139489992888,193.50938738189578,453.8492837549527,181.6755968708727,414.59430334070487,198.4463821312314,447.0328138534109,262.88965714596617,399.9707460997046,268.24430546573126,384.6671238443564,262.69154729249215,335.5113786447222,251.76804835924008,301.52661454424424,143.29578411488814,399.8695912014147,250.94342406484844,,,365.53929375132486,155.47566847810063,384.9124187346542,154.35258876892212,357.77511003029514,198.64007061283235,385.0158755675381,199.61834398649046,361.9098344000813,211.71521893731585,306.8583789467478,246.4451249215599
labeled-data,0004,A_male_meet_with_the_other_cage_male_face_view_3_2022-08-10_15-46-01_722.png,202.36121388199612,120.56976191648042,330.3949085961301,240.42733404653353,213.5323072234075,129.78897693792544,241.75134613430865,138.8918927156355,,,262.5552019217449,189.66972298730275,,,,,,,233.76548695165218,190.95834685652775,335.6716005630641,254.60844370766853,,,282.7144671340038,209.89463578177387,254.49542822310272,214.44609367062887,,,,,,,309.11292288936295,233.56221680381998
labeled-data,0004,A_male_meet_with_the_other_cage_male_face_view_3_2022-08-10_15-46-01_879.png,286.9669370793033,166.47623422950414,377.3904519974675,223.2697511894896,312.5119136946678,190.22938638935767,333.223595405835,175.9732937829698,307.1322561073516,180.81498561155433,,,,,,,,,215.34857559965587,189.25624255298916,426.6953347732388,262.6528158224761,414.0204245299137,234.3553417908667,,,401.9141873892625,207.8318417397284,,,347.4034544138332,219.91183942056603,322.64316463617496,224.92285044699688,223.89677088003788,239.36635281729752
labeled-data,0004,A_male_meet_with_the_other_cage_male_face_view_3_2022-08-10_15-46-01_925.png,,,,,,,,,407.7433412459202,162.3691049930452,,,,,,,,,218.58254188538228,147.54201494323826,428.9071229402137,269.8705034077867,,,,,,,356.17935668270013,199.87725427827462,383.5811198611988,215.25898870080275,352.07499998787216,219.02558998278457,232.6123396029437,251.6063155423105
labeled-data,0004,A_male_meet_with_the_other_cage_male_side_view_4_2022-08-10_15-46-03_1058.png,412.2538722462515,212.48288254941585,527.8374923158731,325.6955565663273,431.17900516909225,284.5240433492605,466.5933658437468,235.382799959362,431.0919943106776,235.382799959362,487.78516329261777,241.45624441441393,,,,,,,418.8791456264702,220.86043324671581,564.6455328802642,334.85302372833456,,,,,,,,,,,539.4166920654271,269.9738799146602,431.4630999487015,327.6063440938428
labeled-data,0004,A_male_meet_with_the_other_cage_male_side_view_4_2022-08-10_15-46-03_1153.png,127.01981118177821,207.46708378159025,231.6846007454977,296.4444107409115,147.99131362389514,273.6150462257442,174.38976937925432,224.45930102610993,,,208.59736433863046,240.039024781403,,,,,,,,,,,,,,,,,,,,,,,,
labeled-data,0004,A_male_meet_with_the_other_cage_male_side_view_4_2022-08-10_15-46-03_1157.png,90.369216810783,190.83249062245162,289.84510848983416,314.787956857517,107.93848420197094,242.66513258153003,143.2572030363021,212.12420623219697,109.75906735751295,213.53580209285786,176.89430951642427,252.9056651717939,,,,,273.61155135629383,259.0503809814081,105.28635146632428,75.3819020183814,209.6324894458919,171.39184715660616,,,,,,,136.90639327831445,94.64138203113906,171.68843927150368,94.92883695670261,150.72218835720818,121.59635273798642,,
labeled-data,0004,A_male_meet_with_the_other_cage_male_side_view_4_2022-08-10_15-46-03_1158.png,92.30340630075796,189.9935233397021,291.13530981323663,315.77845076769523,110.66935893528395,233.56221680381998,148.61199253062543,205.23632380153478,110.66935893528395,208.07405262623186,182.0306165197109,259.7020094912498,,,,,273.61155135629383,259.9606725591791,95.56169674035698,72.72528370631275,241.43727229921004,215.99593827304346,,,,,,,148.90160520166617,110.67285380473436,180.14350102423555,111.41138729207199,173.47947780148328,144.35364218226152,171.65889464594127,214.44609367062887
labeled-data,0004,A_male_meet_with_the_other_cage_male_side_view_4_2022-08-10_15-46-03_196.png,274.8766203433237,214.16377642773472,604.3443503024544,319.2526213284919,584.0209793762065,281.8076704256832,542.1475667987402,247.21659047038506,547.6093162653663,258.14008940363715,,,460.1467986448987,271.903827388261,414.70674591079955,258.14008940363715,288.1762166006299,224.45930102610993,201.77710593399487,140.09140631767977,340.1288109030361,300.46739813249224,,,281.80417555623285,157.0977242710556,,,289.4465427399223,245.50222612071533,,,317.3055470893021,266.33271360357617,216.2631819567205,280.89737884791225
labeled-data,0004,A_male_meet_with_the_other_cage_male_side_view_4_2022-08-10_15-46-03_258.png,249.5289328254312,214.94236313907885,569.7421183351457,338.5133395894643,,,267.23951031189677,226.27988418165194,,,358.2118057172538,296.8046349702579,,,417.4376206441125,291.8208777811643,547.6093162653663,306.3855430255004,,,,,,,,,,,,,,,,,,
labeled-data,0004,A_male_meet_with_the_other_cage_male_side_view_4_2022-08-10_15-46-03_381.png,107.52507723985316,197.52659769617324,406.0312039252563,344.87430278343606,,,,,,,156.65089470401216,284.3916920341265,,,208.98084933455246,297.2826272477903,387.39799857766945,328.23254089200447,120.22746560944478,199.22024947878546,400.10342268611356,322.01000371817116,,,,,,,,,,,234.4690135121406,266.33271360357617,,
labeled-data,0004,A_male_meet_with_the_other_cage_male_side_view_4_2022-08-10_15-46-03_559.png,245.50462964794065,230.55790994293915,491.0091977823487,344.5671538344164,,,260.16802605344157,242.80908282232335,,,320.71048004928764,292.2324205136358,,,383.75683226658543,311.84729249212637,450.1412193209492,304.00438989921645,123.80936193229073,202.4051585257091,254.1935681693006,316.1838290627224,235.37930508991164,241.75484100375903,207.16026617901045,211.71521893731585,208.98084933455246,222.63871787056792,,,,,141.63151076283805,244.20268218338157,187.13385146804833,305.47525144772936
labeled-data,0004,A_male_meet_with_the_other_cage_male_side_view_4_2022-08-10_15-46-03_596.png,61.91554448386144,152.30172043332774,257.1758703069278,317.3016863813321,228.0969724677436,189.86822107081176,185.31326831250632,160.7388905821396,188.95443462359034,176.21384740424668,,,111.01761413077958,264.64187027558603,,,,,135.8382553415755,213.68783120406107,482.63390058217647,325.84124496193465,,,,,,,234.02936137999689,280.714584974616,,,283.6247587117749,287.26941989230926,467.5036574215178,304.56495986995833
labeled-data,0004,A_male_meet_with_the_other_cage_male_side_view_4_2022-08-10_15-46-03_610.png,49.08772024645984,175.14921728363512,189.3322989301262,333.92461116874694,,,,,,,97.82282827858188,274.8209379738381,148.04985566269968,275.7458650613103,,,,,112.79402282058382,202.51095077677297,361.09636381122453,314.07214341904677,,,,,,,,,,,208.07055775678148,266.33271360357617,340.0628365335772,284.53854515899627
labeled-data,0004,A_male_meet_with_the_other_cage_male_side_view_4_2022-08-10_15-46-03_855.png,144.35717146893546,190.79599053190321,276.6582164722231,285.9351803926073,259.9571776897287,218.9975515594839,239.93076297876664,197.1505536929798,227.18668088997256,211.71521893731585,,,184.84779382191508,249.73559712365122,,,,,250.2719554339689,206.61742050161058,337.75629944656464,337.50745827430194,,,,,,,274.1619109143316,241.6111581066489,317.2311264282249,242.28411459905348,300.92029868942393,265.4224220258052,269.9703850452098,327.3222493142335
labeled-data,0004,A_male_meet_with_the_other_cage_male_side_view_4_2022-08-10_15-46-03_906.png,161.8182599323866,130.40384987044803,253.6468240897174,285.2741797344263,237.19988824545365,143.4433506044905,208.98084933455246,164.3800568932236,222.63522300111757,166.20064004876562,,,215.0934131405782,245.19821752085744,189.86472620136138,262.69154729249215,,,234.75494597773877,132.16855155581206,387.9468764913813,338.09618378851826,250.8542619120187,137.07130956009348,261.7777608452708,147.99480849334554,279.9835924006909,142.5330590267195,295.2766048135833,240.75371960430513,,,330.0496291780961,244.48571573707204,358.2686680889973,328.23254089200447
labeled-data,0004,A_male_meet_with_the_other_cage_male_side_view_4_2022-08-10_15-46-03_913.png,150.6647336214256,180.97296494224244,287.4181623565436,287.9250462503495,270.8806766229808,226.27988418165194,249.0336787564767,193.50938738189578,239.02047140099566,203.52259473737683,,,203.99843846600913,246.95569906969945,186.22355989027736,260.87096413695014,,,258.11370879801893,192.62774407046834,418.01068301719204,334.8847551867843,257.2263029564157,251.76804835924008,,,,,320.11084156129425,248.98563962341566,359.17895966676826,251.76804835924008,381.0259575332724,325.5016661586915,,
labeled-data,0004,A_male_meet_with_the_other_cage_male_side_view_4_2022-08-10_15-46-03_998.png,99.23708942733818,193.18150240723028,226.19243345769434,315.2524751038966,187.13385146804833,303.65466829218735,189.86472620136138,240.84454942598802,149.73839709211856,234.3990086942724,175.3000609570253,221.7284262927969,138.13076470904088,224.70243635202416,,,,,,,,,,,,,,,,,,,,,,
labeled-data,0004,A_male_meet_with_the_other_cage_male_top_view1_2022-08-10_15-40-59_1034.png,260.4523239622104,176.42730369807302,389.9307032076694,322.9410253129465,379.2053743777303,256.3195062480951,352.8069186223712,269.06358833688915,368.28187544447826,290.00029462562225,302.248667361299,257.57968136224576,286.281496055525,283.25760676051544,279.9835924006909,241.75484100375903,287.26592502285894,186.22705475972774,296.3117290692645,180.49328360010273,516.2521390635854,261.91966610686427,307.292339733821,193.50938738189578,336.42167022249316,213.53580209285786,345.52458600020316,188.95792949304075,393.7195935453736,238.51827157771768,395.4643019315763,206.40521900936838,423.80966168850955,228.10046733719395,506.64619526567105,198.9711368485218
labeled-data,0004,A_male_meet_with_the_other_cage_male_top_view1_2022-08-10_15-40-59_152.png,250.1192668436161,249.5950212962609,507.77156852252165,329.5475636254676,487.53007213247986,275.43562938128616,456.98390192285206,256.15065686703355,460.22132479934976,290.00029462562225,388.6972884447126,273.1672730095157,397.3817156425223,308.54382494316553,360.08925124453924,299.10321040333235,263.59834400081274,299.10321040333235,,,,,,,,,,,,,,,,,,
labeled-data,0004,A_male_meet_with_the_other_cage_male_top_view1_2022-08-10_15-40-59_157.png,335.39479404904176,215.01762738152038,554.5975966244966,323.4328942523046,,,540.3269836431982,271.79446307020214,533.9549425988012,299.10321040333235,483.35965128597286,259.7278093046452,483.72482817436264,299.0767476765612,446.56695113278465,270.88417149243116,346.43487757797425,226.27988418165194,,,,,,,,,,,,,,,,,,
labeled-data,0004,A_male_meet_with_the_other_cage_male_top_view1_2022-08-10_15-40-59_21.png,432.3393617097905,138.92245167197945,555.3876158201019,269.8180180691492,,,525.7623183988621,150.72568322665853,544.8784415320532,164.3800568932236,496.7488965071574,170.97372881277428,504.51184071516434,202.72142087738578,469.32424057705987,178.9447221375597,453.9651923519202,257.79575905232844,,,,,,,,,,,,,,,,,,
labeled-data,0004,A_male_meet_with_the_other_cage_male_top_view1_2022-08-10_15-40-59_421.png,490.2428707315331,147.01599846489674,553.7818524959143,344.9336000179693,529.4034847099462,333.6942903586305,537.5961089098852,298.1929188255613,508.466778421213,302.7443767144164,540.10298326073,269.3266727766915,516.4496922865824,252.70313394644677,,,505.04961249259713,153.5490161225385,354.546036854372,130.12913055610537,553.9489507126443,250.42483809101319,,,533.9549425988012,208.07405262623186,529.403484709946,230.83134207050696,482.5254838172922,184.73074696068764,463.4328111185016,207.33573090073142,452.9389921771817,177.12413898201768,361.9098344000813,142.5330590267195
labeled-data,0004,A_male_meet_with_the_other_cage_male_top_view1_2022-08-10_15-40-59_511.png,207.41580431914872,97.46984773989146,439.85421987146117,158.03739584147107,426.5405364218226,131.60956009346745,403.0158902410743,104.82742596987174,403.0158902410743,131.28606760696556,336.4517366520727,111.03396909514235,337.2416564663744,140.04292782034514,305.8554349465155,124.12410674826685,224.45580615665958,139.80218429340647,198.5313122825099,133.0886059286898,323.0219716395188,306.3239914159275,244.48222086762163,142.5330590267195,219.90434826780452,148.90510007111652,246.30280402316365,154.36684953774255,211.22814056610744,207.98888187053856,244.13134669260225,211.12750620461617,223.54551457888854,242.66513258153003,310.933506044905,290.9105862033933
labeled-data,0004,A_male_meet_with_the_other_cage_male_top_view1_2022-08-10_15-40-59_677.png,116.03468768478405,13.105412367502481,278.27172863426085,197.95428667826243,163.46294559368755,19.190212664905715,138.88839784618511,41.49069389413796,168.9280199126283,45.13186020522198,163.0626598679944,121.21934097849606,189.45779077103884,105.7610084179624,192.59560093467437,127.96839378238343,267.23951031189677,190.77851264858276,351.4666622868192,197.15154191488702,494.28144046604604,348.39767698761324,367.3715838667073,234.47250838159098,403.25622863386127,233.61017889853989,406.51412171086054,206.25346947068985,439.85931659990644,264.511989273476,463.52661527283624,239.50259899573783,468.84518432809347,276.7291941931419,410.15528802194456,343.7074977141116
labeled-data,0004,A_male_meet_with_the_other_cage_male_top_view1_2022-08-10_15-40-59_823.png,182.92201779278014,172.9123053067494,307.08470179147486,337.7290882502443,195.3264756679874,198.0608452707508,219.90434826780452,208.07405262623186,223.54551457888854,182.58588844864371,251.5593351143722,232.80674141215297,269.50774129597954,201.5826016643549,284.5350502895459,247.21659047038506,251.76455348978968,332.7839987808595,274.8364918365531,195.5237977768644,449.5632141458307,303.4842932846006,,,432.23290068190653,253.69785511348067,418.10512983236475,283.343026988418,359.06350988711483,242.27068239002423,359.57935127338004,284.53854515899627,327.9438194297469,248.58811163507198,,
labeled-data,0004,A_male_meet_with_the_other_cage_male_top_view1_2022-08-10_15-40-59_924.png,188.95712177366076,5.39007490108753,271.4933732503494,259.5923327504238,215.35289037894952,16.002529716549816,202.60880829015545,55.14506756070307,227.18668088997256,51.50390124961905,231.00580244340176,120.93138368227399,246.5285636151878,120.27402551916357,230.21566966048255,146.0372535643458,220.4659427303333,249.3843590239275,153.03246753246754,48.187863860277616,275.7373488580385,149.39699955217196,180.90990775658503,56.339765806972935,170.32448994670875,91.43878275551013,200.13079799030777,86.98176473029906,197.06659809797515,121.52365442568485,,,,,,
labeled-data,0004,A_male_meet_with_the_other_cage_male_top_view1_2022-08-10_15-40-59_939.png,138.42867926503826,155.522125886892,280.1864057284553,225.25862730780347,,,177.94772216731985,192.33244473588883,167.83337130319757,170.72451334435488,209.67000442297606,189.11424218821355,,,,,215.1869230761337,208.88320069536167,161.3447502973885,108.76815545502004,331.24642250646394,278.11022362188254,180.24643827280218,159.69067603803967,203.693342548722,127.96839378238343,175.18926284074104,121.07224546593642,229.08351281775876,151.8750412793997,241.2856516449227,132.76490579870992,267.1379070600345,179.9193777662842,299.77967575788364,271.8680219855776
labeled-data,0004,A_male_meet_with_the_other_cage_male_top_view1_2022-08-10_15-40-59_969.png,181.15615231750604,107.06868197605394,296.62048125035136,232.3582737360167,,,232.6484303565986,187.13734633749874,204.42939144569746,191.68880422635377,229.53541420239875,153.63050908952167,201.22939972672262,153.07126815496778,220.81463984557556,130.69926851569642,279.3964090725842,166.64181464087477,366.47585985248617,116.7371707501913,529.2374423700226,284.9131006936109,485.7094889769379,127.0581022046124,485.7094889769379,153.45655795997158,506.64619526567105,146.17422533780353,480.32130978490954,203.5500430199759,512.3286555560901,207.91757522233675,478.42715635476986,226.27988418165194,376.4744996444174,269.9738799146602
labeled-data,0004,A_male_meet_with_the_same_cage_mate_face_view_3_2022-08-10_15-41-02_1005.png,215.82748514086444,190.99899164600276,316.62731279066907,272.5640856085063,310.0027909973416,232.95481221318906,295.00112057102143,202.29922482027388,264.997779718381,208.49556695288442,,,233.49556499775295,221.4088943953645,,,,,284.2322123616269,191.89919351289555,365.05232487543554,306.2803335868579,,,,,356.63841862698916,208.16944368274702,,,330.2625511247636,223.59895030363305,310.9811608077538,240.45564742634915,320.1126123716009,297.8533429705307
labeled-data,0004,A_male_meet_with_the_same_cage_mate_face_view_3_2022-08-10_15-41-02_1068.png,156.30560895097742,182.79612818780652,385.07915261897847,312.9086701441582,167.10743675708628,266.33271360357617,201.69851671238442,204.43288631514784,181.67210200142236,191.68880422635377,264.9596435530788,255.87129372132156,,,296.36884080056893,265.4224220258052,324.3086561164091,249.66402354515424,320.0029228038015,185.41238315932168,437.20654078725795,253.47680720070576,335.3164978230969,225.9548260230576,359.59020004810054,197.44733852625095,346.56464925897575,196.36909532208108,402.84844342832594,220.27637278871418,,,421.4034650164239,230.47086364631411,,
labeled-data,0004,A_male_meet_with_the_same_cage_mate_face_view_3_2022-08-10_15-41-02_114.png,211.13845838542963,179.00921254083468,369.25827432846836,248.17931768719703,218.35534754471755,221.0737136791128,246.30280402316365,193.50938738189578,222.63522300111757,191.68880422635377,267.6546474298621,214.43009020226077,,,,,354.62750177791327,228.10046733719395,,,,,,,,,,,,,,,,,,
labeled-data,0004,A_male_meet_with_the_same_cage_mate_face_view_3_2022-08-10_15-41-02_527.png,315.54110538585576,183.21466769508675,445.65517722215293,295.46140880673653,432.00228588844857,228.10046733719395,416.5273290663415,191.68880422635377,380.1156659555014,197.1505536929798,,,364.8803431387962,239.79037156405727,,,328.2179136688432,198.3323428931401,208.71992557449983,131.770684210342,341.87453023681536,242.43573035979264,326.0688972033337,139.75602879170228,,,320.8328069216833,144.68411376266738,267.93958673720823,183.0738489615418,284.37280973709284,194.12638866943485,255.53568105639593,198.8930484432833,215.1869853566193,226.3055210942766
labeled-data,0004,A_male_meet_with_the_same_cage_mate_face_view_3_2022-08-10_15-41-02_547.png,214.50795920080935,176.74411759623607,480.0877808348276,320.92558746817747,267.23951031189677,237.203383114904,292.87594685187815,199.69099420972748,286.0089110915509,186.12036904265534,382.04151257191546,279.05529124160967,,,426.5405364218226,280.89737884791225,442.01549324392965,256.3195062480951,,,310.91084314436716,232.0903205442046,,,,,,,,,250.84446843650744,210.24859904511823,230.01390353453425,215.46300943977536,,
labeled-data,0004,A_male_meet_with_the_same_cage_mate_face_view_3_2022-08-10_15-41-02_709.png,249.40076868789595,207.4737242132041,463.4122977696105,339.1276790214125,,,370.024877452283,214.77374232286442,,,391.2296919612963,245.36429440144096,431.5536015194199,243.62619485152183,418.3479122218836,268.1532967591182,258.13659453418677,324.59137458092044,321.60853362753744,93.10178781880764,426.20321635990206,187.1577470740264,410.30284181609477,117.04928845429849,390.8803892834676,101.68525883893675,387.1118537174355,117.33917580553172,,,373.5145004812891,153.4455805597438,361.02199210644386,168.06946227134878,,
labeled-data,0004,A_male_meet_with_the_same_cage_mate_face_view_3_2022-08-10_15-41-02_774.png,241.71394989339774,147.42800016204433,346.2538191227986,266.5819441071306,283.2514278041451,176.05499091521327,254.31419540707606,159.54324114299834,,,276.34610929281916,228.50263144050044,256.8485166869035,231.21682842663947,299.645329956174,235.0951320581616,,,206.7855748589337,150.43758638271194,257.28628011510943,263.69928372026214,213.53440955377397,164.43786046341302,,,,,214.83273622928795,227.31907747424987,243.2494098436593,226.47068156171608,,,,
labeled-data,0004,A_male_meet_with_the_same_cage_mate_face_view_3_2022-08-10_15-41-02_86.png,323.50846347520854,183.21546989487905,406.803541905948,261.1558647122138,,,,,,,352.46341931065604,216.93014449779736,380.8234103001697,209.98888796190244,373.4855105336522,226.44958203273902,349.4885950809867,255.9995027141204,,,,,,,,,,,,,,,,,,
labeled-data,0004,A_male_meet_with_the_same_cage_mate_side_view_4_2022-08-10_15-41-04_269.png,69.76092776681614,208.0068258312348,343.8927074480324,357.0756608273764,,,,,,,,,,,128.87519049070406,310.0267093365844,332.78050391140914,346.43837244742457,,,,,,,105.84999417712845,219.1296314838895,144.98478659361592,224.9726734071845,93.1147172652591,295.07974872684633,137.31909845050436,277.63558638352447,,,,
labeled-data,0004,A_male_meet_with_the_same_cage_mate_side_view_4_2022-08-10_15-41-04_286.png,47.51261878099903,202.14439902656616,262.2525898407502,338.30444376792263,245.28668428628785,244.5703217945326,222.68016686428334,212.70065475191433,199.70681110399883,220.77875803202892,,,139.24113691499366,256.081639622848,103.0676633065991,267.1564466300648,93.21702801529979,327.58613932356155,,,,,,,,,,,,,,,,,,
labeled-data,0004,A_male_meet_with_the_same_cage_mate_side_view_4_2022-08-10_15-41-04_370.png,313.86805177735454,210.63863853675764,533.26762956474,290.93999462143535,,,507.7256116755916,221.87721360377742,524.338363609079,228.6927015764902,,,480.0376917864459,247.43529350145036,426.79169199962723,264.47401343323236,322.0035644191682,261.06626944687594,507.49273848748044,225.7704307752719,603.4625736360916,317.53540201273273,,,,,588.2335633532614,249.13916549462857,,,528.226353575227,272.6088537611113,,,,
labeled-data,0004,A_male_meet_with_the_same_cage_mate_side_view_4_2022-08-10_15-41-04_495.png,90.78032197841037,159.40160616250685,355.45073891625617,351.8152709359606,,,107.02819262419993,166.20064004876562,143.43985573504014,170.75209793762065,114.80174909139517,270.88813404699016,159.8270854121977,257.79416842181644,158.00452097937622,289.09000304785127,338.2422533780351,344.61778929188256,215.2976310639034,194.89977726922768,367.13531484072473,292.9255661300596,354.12057372267327,232.72096824785496,315.450442422857,203.96047977081085,325.567214311047,214.30800762701693,,,246.67893102493292,251.3356106299584,,,,
labeled-data,0004,A_male_meet_with_the_same_cage_mate_side_view_4_2022-08-10_15-41-04_577.png,111.70316499838655,220.53703816488704,388.37792036499997,345.25775527736903,381.51466356528636,292.10726647153825,349.66884955634197,237.6204414829433,342.3872567830637,256.7825277284124,,,241.8975457400337,267.4217433159734,193.30622579331424,268.27977947569383,184.49166612039846,336.1135647846544,364.2392774518753,227.94993169557497,591.2951695416747,326.58731891312596,,,405.6221413931117,251.03390185477164,398.34054861983344,238.00368320785267,503.9883088588561,284.7226570935513,,,536.3075695872108,285.9088988215253,562.9771612609451,274.7897370655567
labeled-data,0004,A_male_meet_with_the_same_cage_mate_side_view_4_2022-08-10_15-41-04_701.png,129.9515080889072,206.95026462752995,222.72704734255603,306.6451832994215,206.8805574776347,288.9150612796615,201.69851671238442,229.92105049273596,161.3649879504447,227.6448262289886,,,141.40874807448648,248.6171152545435,,,,,169.67631654944205,206.69085018839323,378.336464377598,278.3338193997772,,,,,,,,,,,249.0336787564767,246.30629889261405,367.3715838667073,271.79446307020214
labeled-data,0004,A_male_meet_with_the_same_cage_mate_side_view_4_2022-08-10_15-41-04_773.png,264.8778986971539,228.09452350535545,431.767661848989,334.5622263036365,272.70125977852285,298.1929188255613,323.67758813369903,246.30629889261405,304.56146500050795,246.30629889261405,414.2460834388489,273.34198722899777,,,,,,,138.96473767030614,212.62785787854122,279.61710124837657,304.34603412811947,269.11130982719425,286.19982016928213,250.47877019576123,235.91759982087558,225.36609773443055,235.382799959362,,,156.58206580405013,262.99884545102515,,,,
labeled-data,0004,A_male_meet_with_the_same_cage_mate_side_view_4_2022-08-10_15-41-04_953.png,173.52662330902865,115.74252017043653,355.35726794224894,338.85744565264395,187.13385146804833,126.14781062684142,239.93076297876664,137.07130956009348,,,287.08942791779657,267.6032539214384,,,305.4717565782789,291.8208777811643,320.6400035238016,268.1743135920825,396.798306127515,213.02816574809447,504.5693820594836,284.1063551025177,406.3870714501115,269.21171952472423,436.5325216756594,233.56221680381998,423.80966168850955,229.01075891496495,489.37145386599167,255.43029559741012,,,,,,
labeled-data,0004,A_male_meet_with_the_same_cage_mate_top_view_1_2022-08-10_15-43-15_1025.png,409.40921765552383,98.67614553029154,533.0267411629504,282.60276529187223,,,479.7842815906397,125.23751904907039,498.0034125553185,116.14457782830442,493.91208773382095,176.25042077970824,520.7507274426495,174.47971040888652,496.63298791018997,204.43288631514784,417.4376206441125,273.6150462257442,492.29469264728846,256.07278990447605,639.8698381911486,359.52962849874956,627.7149751092146,324.59137458092044,636.8356191426493,282.9932409591528,597.2978911206728,287.93988902583095,,,,,,,499.832979643871,265.32734803358034
labeled-data,0004,A_male_meet_with_the_same_cage_mate_top_view_1_2022-08-10_15-43-15_1108.png,180.82201256339187,129.5276972970356,397.43110056110993,216.90956507032925,,,191.54567845947156,157.45790416480068,208.56314375279896,138.6491267353336,244.64519474631314,191.59293363999794,258.9423255392501,165.7078844557875,274.84169278996865,189.7015226153157,388.590013434841,204.92767577250333,432.35081430298163,104.59048668815174,530.2889725427292,300.35669456115903,445.91200179131215,122.5273175100761,468.3034034930587,135.96215853112403,482.63390058217647,113.5707568293775,486.72970988823323,166.94168837564143,511.2203347463861,162.4169250139956,506.8166144200627,191.49283475145543,486.2165248544559,291.8063143752799
labeled-data,0004,A_male_meet_with_the_same_cage_mate_top_view_1_2022-08-10_15-43-15_1173.png,168.52037660675293,238.1403442473933,372.08511630637366,347.61351570819505,,,178.80439248256755,274.38006734638947,195.49574832498666,247.88241058524034,231.17966386995448,312.2778158261934,242.01478865915877,284.87534362155225,251.55463502015226,318.6759964173757,365.0962749533876,315.4240612837156,207.54038358430932,148.8650965232416,305.28028037372974,314.61998513434656,,,290.96350201522614,303.4498432601881,266.8296777980132,291.38293115158166,282.30027905856775,228.31349325007926,258.42654584067094,224.58420011577974,279.2221938889712,194.179802955665,216.29844438307617,179.84930586654724
labeled-data,0004,A_male_meet_with_the_same_cage_mate_top_view_1_2022-08-10_15-43-15_1191.png,159.35825856107067,169.30461243042893,325.491024498491,346.3124673702449,,,170.04993282579488,189.7015226153157,200.50223914017016,187.0145544111061,190.1135735636485,268.39821357014097,203.17623844773806,259.89164240625087,207.66748768472905,285.53672189879086,309.30932103124303,332.11948336951815,206.68878503774627,146.28390448344288,311.63463392262474,304.7079062483553,215.91778832581377,285.57651992181843,250.185840400435,298.572379389874,239.00406662928867,274.91862718167977,294.2934589787672,232.23491323462753,266.2610329044306,215.6338342001436,289.7521168214144,196.64621078365536,233.4131797437155,168.2617081338223
labeled-data,0004,A_male_meet_with_the_same_cage_mate_top_view_1_2022-08-10_15-43-15_1301.png,156.14469075989066,136.97814456803442,345.91000409099615,255.5188513385851,162.884684281236,152.08396775638153,180.79780564263325,166.4144648454993,198.71092700403045,145.8143752798925,222.51513623993048,225.4411723272001,243.05546192101318,202.09435067285955,260.51119570085086,231.7973578145992,322.31146439767133,190.59717868338555,327.1877017571756,232.18437116441862,532.7127708338842,326.10037023503946,,,500.54702194357367,247.02351097178683,522.9384236453202,257.77138378862514,457.8041422948226,288.89054021490693,474.3327705323385,306.3798322954046,442.32937751903273,302.5541871921182,337.53761755485897,263.1453201970443
labeled-data,0004,A_male_meet_with_the_same_cage_mate_top_view_1_2022-08-10_15-43-15_140.png,171.80371531328916,107.06260425666508,360.14146918522925,197.46619161526388,190.6500223914017,187.0145544111061,190.6500223914017,165.51880877742946,180.79780564263325,150.29265562024182,239.98051516847585,138.25271610423687,228.44547135350322,117.10710841283573,268.57210031347967,123.42297357814596,352.7637707120466,162.4328353098756,,,,,,,,,,,,,,,,,,
labeled-data,0004,A_male_meet_with_the_same_cage_mate_top_view_1_2022-08-10_15-43-15_145.png,174.01903515971972,108.34640372736615,367.1578778791776,206.0125811902055,193.33699059561133,189.70152261531567,193.33699059561133,178.0579937304075,182.58911777877296,159.24921630094042,245.88718226297655,143.02689185189396,226.99959851900036,123.70941222771266,267.67644424540975,125.21428571428567,355.45073891625617,157.45790416480068,,,,,,,,,,,,,,,,,,
labeled-data,0004,A_male_meet_with_the_same_cage_mate_top_view_1_2022-08-10_15-43-15_167.png,203.38806375955255,94.44560071516995,344.39140645923703,274.0760499998653,251.55463502015226,262.2496641289745,243.49373040752351,222.84079713390057,218.41536050156742,231.7973578145992,239.01545006717424,166.0725494673716,212.1327991284367,164.30285215896805,238.11979399910433,135.96215853112403,332.1636811464398,116.25772503358706,,,,,,,,,,,,,,,,,,
labeled-data,0004,A_male_meet_with_the_same_cage_mate_top_view_1_2022-08-10_15-43-15_276.png,273.2440249986847,195.4802579522455,493.1844523051112,335.8403979726539,480.28510638539683,316.73944155217987,476.2807924223139,284.27486162554953,460.6512664695797,309.2076768358637,410.6407944197914,264.9908699524725,401.28625350881646,287.7488323926315,381.01511042469554,263.43549368857055,282.4002442943484,209.8485475649102,385.0194243877784,133.8579439093437,542.4745790239328,341.13567423477554,398.13316265864256,155.66886492807237,417.1118727441056,165.56489069882983,428.2758198532015,140.63207548851565,472.22522680583586,212.78103347220966,491.1348585758534,194.11874663814217,500.8414760623249,227.71086293946368,511.2611600308144,329.3027816322364
labeled-data,0004,A_male_meet_with_the_same_cage_mate_top_view_1_2022-08-10_15-43-15_408.png,178.82773665278262,125.77555816894414,373.76674283999364,270.40772404977815,192.7614423271495,258.36955743372806,216.7672711108401,253.382548725114,207.62219347895797,227.85254033610966,282.36715912374916,229.93380313049997,278.2224601970189,210.58073314197748,309.74222703497526,207.65716056570324,361.1832887143123,134.87758441197445,257.7485388320742,220.15365066307044,448.48719682446546,351.7864363100939,287.26057785659833,237.37866286932018,275.0671410140888,272.05374889020663,310.50431683763213,265.5759855676235,289.6270672437959,317.71451539968444,326.87810593097277,305.0954670007205,331.08074150936693,331.8777983987691,425.57987703881565,288.0576347460004
labeled-data,0004,A_male_meet_with_the_same_cage_mate_top_view_1_2022-08-10_15-43-15_432.png,219.32307542266867,252.81911231258854,449.3929807869909,346.26474950134195,,,247.8978287284226,288.9103821579887,226.3949459190923,286.22252180682244,306.4911859746647,290.51160751588606,,,,,436.72001839785446,309.74129987952745,173.34467614426083,235.31929289800163,409.77451873355477,341.718368609964,405.1376592716506,314.44505549406847,367.84359689921826,294.2861028603213,369.18752707480144,334.9399906717114,293.4603090956136,311.5098920065031,296.3842315315245,340.3269524256985,260.6651653964625,324.18854926704626,181.70926758095274,251.28033724166065
labeled-data,0004,A_male_meet_with_the_same_cage_mate_top_view_1_2022-08-10_15-43-15_490.png,267.81611502840866,115.62296216462556,457.1834559284024,281.42023366475553,302.4600043907069,272.87640477717997,304.94682374674505,235.98858432928105,274.2760516889415,236.40305422195408,339.41021815578233,192.81018051032873,319.5624582953598,174.14789367626125,362.558138828295,162.62741332615627,450.84022596764856,140.66050901448614,299.29123471317547,226.16853775340817,459.19058296405285,340.39405286985794,452.08363564566764,324.27067146863465,430.53120122667053,297.7445983375613,422.2418033732101,320.12597254190445,366.3320953861503,274.57010842544094,349.56996899873354,300.09984726789946,331.0584269851454,266.6593563870847,349.7095721554314,218.99531872968723
labeled-data,0004,A_male_meet_with_the_same_cage_mate_top_view_1_2022-08-10_15-43-15_548.png,363.47643587133524,153.8263011385376,522.8361743684643,280.7129608479038,512.1905508284818,218.36251679355126,496.06874160322434,181.64061800268695,484.4252127183162,206.71898790864307,431.8539406649804,168.85645014648054,427.70099690705194,202.08392207556005,394.85960591133005,190.59717868338555,409.59971512771216,270.23021506241076,424.9695567518585,126.79194530575091,535.9916749376808,305.8326440431618,432.73752474034313,294.5987718521733,475.6552136268076,288.7828233582131,463.82276669081966,262.91188005749365,528.7207298854921,258.3393412415528,501.593006910216,247.3090940978353,519.7762022016777,223.20299034011094,462.61946700241424,132.15331391742473
labeled-data,0004,A_male_meet_with_the_same_cage_mate_top_view_1_2022-08-10_15-43-15_693.png,218.72099885192932,193.28253952558137,403.9299599363567,288.4406501318727,228.62702737892295,222.320837968544,244.76461320009508,233.0792285159921,259.3239059582594,209.34748466132717,295.73605018635925,274.2915118074996,308.8289848142297,244.54007978837998,332.0125235872341,274.9049767635443,388.73719258506236,201.12048012504331,99.93596258978297,113.08308801388907,254.52889213913505,268.51435427339965,107.4126212761127,125.78181446830314,115.76097959065186,149.54252659429923,147.87005003118713,134.77235419165302,169.47238104888308,206.08192318135113,179.93081989778904,185.20639007006463,189.61184160388297,211.83412324893763,,
labeled-data,0004,A_male_meet_with_the_same_cage_mate_top_view_1_2022-08-10_15-43-15_727.png,102.70253225802664,127.82982268549495,362.98878593579093,271.06371801292585,112.7279444693238,146.71003134796234,143.18025078369908,173.5797133900582,156.615091804747,142.23175100761307,208.08655884852612,224.35905282482423,222.1168187484802,199.80657381161487,240.80676220331395,220.15382892969097,355.45073891625617,256.8757277205553,418.99498996147224,66.99494775684988,616.0363244867856,259.8264413898014,600.8605015673982,79.53582624272275,555.1820420958352,88.49238692342135,574.0533465424443,111.82084711584992,527.270525356856,161.35401028923738,546.4333402946448,171.85177503750788,526.5210479175996,178.95364979847736,434.268472906404,243.4408866995074
labeled-data,0004,A_male_meet_with_the_same_cage_mate_top_view_1_2022-08-10_15-43-15_768.png,117.08281974162881,128.40249508869886,310.552164712742,292.24725686109787,125.26712942230185,136.8578145991939,130.641065830721,154.7709359605911,158.40640394088672,144.91871921182263,164.86611776814385,220.54409912863053,185.7714443547095,190.6255230760458,199.6065830721003,225.52776533811016,302.60703090013436,281.0584415584416,404.40939333841254,125.19877651830183,617.9281778827232,278.654516180938,605.3387819077475,238.9626063591581,565.0342588446036,215.67554858934167,560.5559785042544,253.29310344827584,509.5811286041918,221.2898775355112,495.7430484875627,255.05727449144374,481.73824451410655,218.36251679355126,412.77272727272725,134.17084639498432
labeled-data,0004,A_male_meet_with_the_same_cage_mate_top_view_1_2022-08-10_15-43-15_967.png,355.00591913144234,161.16210627226417,503.90490548738296,292.10758496393254,412.77272727272725,280.1627854903717,450.3902821316615,270.3105687416032,438.7467532467533,238.9626063591581,491.34155649399565,237.2751790961173,458.85295514025233,234.97429182526545,455.7642185400806,214.77989252127182,363.5116435288849,177.16233766233765,494.1965409880309,261.16869990889023,611.0878570215245,358.64178794423407,524.7297357814599,344.6500223914017,585.6343484102105,306.1368114643977,549.8081056874161,279.2671294223018,,,,,,,504.1296462158531,300.7628750559785
